phase,task,status,file_path,lines_extracted,test_status,risk_level,notes,completed_date
PREP,Setup CSS build infrastructure,completed,esbuild.js,15,passed,low,PREMATURE - should be last step,2025-08-20
PREP,Create base CSS directory structure,completed,src/ui/styles/,1,passed,low,PREMATURE - structure created early,2025-08-20
Phase 1,Extract complete CSS from getBaseCSS method,completed,src/ui/styles/dashboardStyles.ts,500+,passed,high,Extract 500+ lines of inline CSS,2025-08-20
Phase 1,Create CSS constants module,completed,src/ui/styles/dashboardStyles.ts,500+,passed,medium,Organize CSS into logical sections,2025-08-20
Phase 1,Replace getBaseCSS with import statement,completed,src/ui/dashboard.ts,1200+,passed,medium,Replace method with constant import,2025-08-20
Phase 1,Test all dashboard views for regressions,pending,all_views,0,not_started,high,CRITICAL - ensure no visual breaks,
Phase 2,Organize CSS into modular files,completed,src/ui/styles/components/,6,passed,medium,Split into component-specific CSS,2025-08-20
Phase 2,Add proper TypeScript interfaces,completed,src/ui/styles/index.ts,1,passed,low,Main CSS index with imports,2025-08-20
Phase 2,Create base CSS utilities module,completed,src/ui/styles/components/base.ts,90+,passed,medium,Foundation styles and utilities,2025-08-20
Phase 2,Create navigation CSS module,completed,src/ui/styles/components/navigation.ts,80+,passed,medium,Header and navigation styles,2025-08-20
Phase 2,Create channels CSS module,completed,src/ui/styles/components/channels.ts,120+,passed,medium,Channel cards and status displays,2025-08-20
Phase 2,Create overview CSS module,completed,src/ui/styles/components/overview.ts,100+,passed,medium,Metrics cards and banners,2025-08-20
Phase 2,Create timeline CSS module,completed,src/ui/styles/components/timeline.ts,200+,passed,medium,Timeline views styling,2025-08-20
Phase 2,Create monitor CSS module,completed,src/ui/styles/components/monitor.ts,60+,passed,medium,Live monitor styling,2025-08-20
Phase 2,Update dashboard import to use modular CSS,completed,src/ui/dashboard.ts,1,passed,high,Switch to modular CSS system,2025-08-20
Phase 3,Deprecate old dashboardStyles.ts,completed,src/ui/styles/dashboardStyles.ts.deprecated,1,passed,low,Remove monolithic CSS file,2025-08-20
Phase 3,Integration testing,completed,all_tests,12_passed,passed_partial,high,Build/package/unit tests all pass,2025-08-20
Phase 3,Documentation update,completed,docs/README.md,1,passed,low,Update architecture docs,2025-08-20
FINAL,Integrate with bundling system,completed,dist/dashboard.css,separate_system,passed,low,CSS bundling working with modular system,2025-08-20